client_id,loan_id,loan_purpose,loan_amount,interest_rate,term_months,default_flag,age,family_status,children,employment_years,income
1,1,Car,47795.10,18.84,6,0,50,Single,1,null,3055.48
2,2,Other,44375.97,19.66,46,0,28,Single,3,null,6030.28
3,3,Home,23943.89,9.55,55,0,30,Widowed,2,38.21,17282.64
4,4,Other,46109.44,7.68,18,0,70,Married,1,null,2915.75
5,5,Education,1612.29,14.63,42,0,35,Widowed,0,2.97,16693.56
6,6,Other,5994.02,19.03,40,0,56,Married,4,null,8887.15
7,7,Education,21162.56,12.33,60,0,60,Married,0,17.41,6766.79
8,8,Education,3720.33,17.88,53,1,45,Divorced,1,35.62,null
9,9,Home,44608.95,5.05,35,0,18,Widowed,1,32.79,6062.82
10,10,Other,13181.08,17.51,11,0,46,Widowed,3,26.49,13150.54
11,11,Business,45925.77,16.59,40,0,32,Single,1,25.49,6589.55
12,12,Other,15914.58,5.67,15,1,50,Single,3,34.01,null
13,13,Education,35358.49,18.93,24,0,67,Widowed,2,11.17,2223.00
14,14,Education,41957.47,8.91,24,1,48,Divorced,0,12.2,4720.11
15,15,Business,35788.38,16.44,36,0,33,Single,4,24.95,10497.42
16,16,Other,11569.29,6.5,44,1,23,Divorced,2,22.6,null
17,17,Home,27521.95,18.87,32,0,35,Married,3,17.65,15323.12
18,18,Car,2762.60,7.21,43,0,27,Divorced,1,23.78,15325.86
19,19,Education,3656.63,12.6,46,1,44,Married,5,6.96,null
20,20,Education,18811.59,8.26,34,0,68,Married,4,null,10196.40
21,21,Car,20521.78,13.5,21,0,33,Married,2,37.9,null
22,22,Other,20920.95,13.52,58,0,44,Widowed,3,24.56,3372.27
23,23,Education,4719.79,14.51,52,0,55,Married,5,4.63,14629.06
24,24,Car,41255.50,18.84,17,0,47,Divorced,5,22.56,null
25,25,Home,47995.70,6.7,17,0,53,Single,0,4.27,6157.19
26,26,Home,4559.23,10.54,39,0,34,Married,3,22.48,14771.73
27,27,Other,30262.28,7.08,14,0,56,Widowed,2,null,12840.93
28,28,Other,11349.64,16.79,33,0,47,Single,1,18.89,12415.39
29,29,Business,12370.01,7.23,12,0,35,Widowed,5,19.12,null
30,30,Business,49882.77,7.26,18,0,34,Married,1,39.78,5375.05
31,31,Home,10798.29,8.49,25,0,32,Divorced,1,25.25,3646.64
32,32,Education,26136.03,9.58,52,0,37,Single,2,32.57,5129.83
33,33,Business,24583.31,5.65,23,0,46,Married,2,24.07,4074.53
34,34,Business,37064.56,7.28,55,0,34,Married,0,39.95,11560.92
35,35,Education,34109.05,6.13,26,0,48,Single,2,29.71,4421.55
36,36,Home,19640.62,12.5,37,0,51,Single,0,3.97,2184.25
37,37,Business,35199.16,16.54,58,0,58,Single,4,null,19776.83
38,38,Education,46704.72,13.5,56,0,23,Married,3,null,10294.49
39,39,Education,12055.07,10.34,19,0,18,Single,0,39.27,10990.89
40,40,Other,17708.06,7.47,49,1,64,Widowed,5,30.15,5522.84
41,41,Other,25395.74,9.21,49,0,44,Single,4,null,null
42,42,Car,20349.81,16.07,18,0,36,Married,3,null,null
43,43,Business,7078.86,13.26,54,1,68,Widowed,5,31.41,18482.83
44,44,Education,31824.67,16.57,26,0,25,Married,5,2.64,13031.46
45,45,Car,37309.01,8.65,11,0,42,Married,5,12.17,8383.35
46,46,Home,44407.72,5.66,7,0,58,Single,0,31.85,13423.86
47,47,Education,18013.92,11.71,22,0,24,Widowed,4,null,11353.84
48,48,Car,15792.17,7.37,35,0,56,Married,0,6.82,5945.03
49,49,Business,5975.93,5.46,37,1,33,Widowed,0,null,17136.75
50,50,Education,47477.89,7.48,22,0,21,Single,4,9,4938.67
51,51,Car,28507.23,11.06,43,0,34,Single,1,null,16829.84
52,52,Other,11504.09,8.93,50,0,21,Widowed,2,30.65,15680.72
53,53,Education,23967.05,10.03,10,0,21,Divorced,5,25.86,11085.19
54,54,Home,47749.09,12.11,11,0,57,Married,4,13.61,13905.50
55,55,Business,43527.80,16.2,56,0,20,Divorced,3,10.7,4341.73
56,56,Home,17815.94,16.4,33,0,40,Divorced,2,9.39,null
57,57,Other,7127.97,13.7,49,0,47,Single,0,19.83,16765.57
58,58,Business,32981.03,19.56,22,0,58,Widowed,3,10.66,11986.57
59,59,Business,49373.13,10.67,28,0,68,Widowed,0,24.85,null
60,60,Business,28228.19,10.09,49,0,41,Widowed,4,19.34,null
61,61,Home,28273.59,7.34,51,0,21,Married,1,29.41,10446.31
62,62,Business,48275.34,10.48,39,0,67,Married,5,19.21,3905.99
63,63,Other,34546.28,18.11,20,0,64,Divorced,0,18.3,12602.72
64,64,Education,21733.04,13.57,21,1,65,Married,4,null,5098.36
65,65,Business,12995.70,12.43,54,0,67,Widowed,4,17.96,null
66,66,Other,23610.68,14.54,60,0,60,Married,1,7.19,17582.37
67,67,Business,49481.49,12.25,11,0,49,Married,4,8.43,7323.06
68,68,Home,33000.09,13.04,46,0,59,Widowed,4,5.6,null
69,69,Business,12886.49,5.41,57,0,56,Single,3,null,null
70,70,Home,27240.21,9.44,42,0,24,Divorced,0,22.27,18624.93
71,71,Education,46304.70,15.91,26,0,36,Married,1,null,null
72,72,Education,24302.34,10.18,14,0,41,Single,3,9.17,10637.19
73,73,Other,21068.94,13.19,45,0,25,Single,1,null,null
74,74,Education,14741.75,15.4,8,0,48,Widowed,3,27.06,13297.58
75,75,Business,16656.41,12.02,45,0,66,Widowed,3,1.24,1534.07
76,76,Car,48778.27,6.66,24,0,18,Married,1,33.2,16394.15
77,77,Home,13492.02,18,47,0,32,Divorced,0,11.37,null
78,78,Business,33751.87,18.09,54,1,44,Widowed,4,29.32,15419.85
79,79,Education,15230.93,9.94,28,0,50,Divorced,5,6.03,8321.69
80,80,Car,32365.09,5.44,20,0,38,Single,3,35.67,6729.57
81,81,Business,7386.09,6.94,10,0,28,Divorced,5,23.71,12471.59
82,82,Other,38030.69,8.73,55,1,66,Single,4,23.34,12572.03
83,83,Car,26507.58,11.7,21,0,31,Married,4,38.2,1141.45
84,84,Education,19360.79,19.82,10,0,35,Single,1,null,2437.10
85,85,Other,28734.08,14.76,12,0,69,Single,0,19.69,17164.53
86,86,Business,43317.54,11.53,9,0,45,Married,0,25.78,null
87,87,Home,19165.41,15.65,6,0,57,Married,5,32.43,15686.90
88,88,Car,43845.31,11.37,49,1,37,Single,1,37.38,12881.55
89,89,Other,10955.04,18.15,46,1,29,Divorced,1,29.82,10994.87
90,90,Home,3414.41,16.09,41,0,36,Married,3,9.19,4715.83
91,91,Home,27139.11,5.03,10,0,49,Single,5,27.23,null
92,92,Home,17926.29,15.72,47,0,70,Divorced,4,4.93,16211.60
93,93,Home,15543.21,10.95,33,0,61,Divorced,4,11.57,11723.02
94,94,Other,17217.39,8.41,59,0,67,Married,3,null,8271.92
95,95,Car,30631.92,18.14,15,1,37,Divorced,2,9.54,7054.74
96,96,Business,9399.07,7.17,6,0,58,Married,4,15.13,11623.50
97,97,Education,31318.87,9.15,34,0,58,Single,2,3.07,null
98,98,Home,25122.46,13.74,21,0,56,Widowed,4,null,null
99,99,Home,27406.43,8.83,40,0,50,Married,0,9.26,13486.87
100,100,Education,37698.10,11.17,60,0,63,Widowed,2,null,8494.56
101,101,Car,44245.30,17.02,58,0,34,Married,0,25.11,16894.99
102,102,Business,42949.30,18.34,13,1,52,Married,1,null,8753.49
103,103,Other,38532.78,5.24,37,0,32,Divorced,4,39.92,11163.18
104,104,Other,5376.80,11.22,55,0,20,Married,0,12.32,18198.91
105,105,Home,25373.06,16.75,50,1,47,Married,3,0.53,1278.22
106,106,Education,7805.61,6.28,56,0,31,Married,3,15.74,null
107,107,Education,36271.85,5.14,9,0,48,Divorced,2,8.56,9413.28
108,108,Other,37059.16,11.59,26,0,69,Widowed,3,null,3509.44
109,109,Business,25477.05,13.33,55,0,18,Single,0,10.68,7587.70
110,110,Business,30406.56,19.16,21,0,20,Widowed,4,18.2,3383.39
111,111,Business,11879.03,12.64,42,0,54,Married,2,38.9,null
112,112,Business,40313.74,16.02,56,0,40,Married,2,6.01,null
113,113,Business,26095.67,13.87,12,1,48,Married,2,14.35,1252.09
114,114,Car,37952.37,12.15,60,0,56,Single,5,36.58,4085.99
115,115,Business,6302.38,11.35,39,0,34,Divorced,5,16.76,10910.40
116,116,Education,47022.32,9.99,18,0,41,Widowed,1,7.85,null
117,117,Home,15998.24,19.56,56,1,66,Widowed,0,16,7859.06
118,118,Home,39677.44,12.46,44,0,18,Single,3,22.61,15309.84
119,119,Home,32367.32,19.87,31,0,45,Widowed,4,16.48,15434.17
120,120,Other,44379.87,9.14,31,1,31,Single,5,12.7,5870.42
121,121,Education,28030.50,6.49,60,0,21,Married,1,29.97,1253.56
122,122,Car,4572.44,5.29,8,0,47,Divorced,5,4.75,11338.38
123,123,Education,22022.24,6.83,55,0,22,Divorced,3,23.85,7562.03
124,124,Car,22827.63,16.16,9,0,67,Widowed,3,null,1997.86
125,125,Car,14508.90,19.93,54,0,49,Divorced,0,27,11833.89
126,126,Education,29053.08,15.88,28,0,48,Widowed,3,4.56,13391.65
127,127,Home,17207.35,10.76,38,0,18,Single,0,5.79,9322.30
128,128,Other,7963.41,11.27,28,0,50,Divorced,2,7.27,13248.75
129,129,Home,25207.78,11.73,11,0,33,Divorced,1,15.19,null
130,130,Business,21520.96,5.57,44,0,36,Single,3,6.58,17613.54
131,131,Car,9996.20,18.24,22,0,39,Married,2,null,18786.62
132,132,Other,10994.43,19.56,54,1,48,Divorced,1,1.8,null
133,133,Other,19340.78,17.5,25,1,30,Divorced,4,8.94,7228.76
134,134,Business,7464.07,7.05,30,0,22,Widowed,5,21.75,16995.80
135,135,Business,11020.17,9.53,14,0,47,Divorced,5,8.02,18529.66
136,136,Car,35674.55,14.52,45,0,59,Divorced,5,15.13,9091.81
137,137,Education,1594.78,5.09,28,0,64,Married,0,15.8,null
138,138,Business,9491.33,18.8,24,1,33,Single,3,0.31,15924.83
139,139,Business,47688.97,9.73,56,0,65,Single,3,22.98,7067.47
140,140,Education,8778.91,6.85,39,0,37,Divorced,2,25.47,null
141,141,Business,36399.21,6.15,23,0,49,Single,3,null,17163.11
142,142,Other,8178.26,6.9,54,0,48,Widowed,5,27.56,null
143,143,Home,6268.14,14.65,47,1,25,Single,5,null,null
144,144,Home,48709.21,15.33,8,0,68,Single,2,28.76,5029.54
145,145,Other,26673.94,16.55,26,0,53,Widowed,4,null,1232.99
146,146,Education,23169.76,8.88,35,0,66,Widowed,2,24.82,16142.81
147,147,Other,28934.51,17.76,28,0,19,Married,5,39.18,4725.80
148,148,Business,46248.62,7.69,37,0,18,Widowed,2,16.96,15512.27
149,149,Education,35325.92,17.07,16,0,63,Married,4,13.77,10622.32
150,150,Other,20520.87,6.69,39,0,55,Single,2,2.91,15414.04
151,151,Education,4137.16,6.57,26,0,45,Widowed,4,37.79,null
152,152,Education,49995.84,13.71,33,0,24,Married,2,31.31,2943.43
153,153,Other,19600.64,13.19,13,1,61,Widowed,4,null,1174.66
154,154,Business,13201.05,5.73,25,0,44,Widowed,1,6.86,null
155,155,Car,20864.49,19.5,45,0,25,Widowed,3,20.84,7412.39
156,156,Education,17461.25,8.41,12,0,18,Married,3,null,5298.61
157,157,Education,9005.38,7.45,32,0,19,Single,1,38.15,12053.58
158,158,Car,42783.20,19.34,25,0,64,Divorced,5,36.93,null
159,159,Education,10868.83,8.94,22,1,53,Married,0,null,19757.54
160,160,Other,25975.71,13.96,53,0,57,Divorced,1,null,null
161,161,Education,44781.95,5.52,13,0,41,Widowed,2,null,null
162,162,Other,29761.80,10.28,40,0,38,Single,4,35.76,null
163,163,Other,38404.75,7.78,13,0,25,Married,1,13.75,1482.49
164,164,Car,3498.09,8.15,19,0,42,Widowed,2,6.69,null
165,165,Business,38172.49,14.14,16,0,35,Widowed,0,null,5955.81
166,166,Other,39534.15,10.72,25,0,68,Divorced,2,6.35,15103.94
167,167,Car,32834.17,17.53,25,0,46,Divorced,4,29.65,2155.75
168,168,Business,22748.22,15.67,24,0,37,Divorced,2,25.73,null
169,169,Education,1743.81,13.08,51,0,44,Married,2,25.44,2137.74
170,170,Education,11721.25,9.53,49,0,55,Divorced,5,25.33,19820.46
171,171,Education,2363.33,17.76,38,0,64,Widowed,3,null,8292.65
172,172,Business,39157.62,12.97,32,0,62,Widowed,3,12.83,null
173,173,Education,39590.32,9.12,30,0,49,Widowed,4,32.91,17874.92
174,174,Business,41633.61,14.54,16,0,38,Single,2,12.68,2908.96
175,175,Home,47083.29,10.65,58,1,46,Divorced,3,18.13,5713.32
176,176,Other,3050.90,17.82,54,0,56,Married,4,38.25,2979.03
177,177,Business,35490.61,13.47,26,0,70,Single,1,null,1534.75
178,178,Business,44826.16,16.45,18,0,63,Married,0,null,5273.76
179,179,Car,13662.62,16.23,39,0,48,Widowed,5,38.04,null
180,180,Education,2646.16,11.87,30,0,63,Divorced,2,null,7977.39
181,181,Car,31342.81,11.26,44,0,51,Divorced,4,22.58,10716.02
182,182,Education,38980.28,13.38,27,0,48,Divorced,1,4.39,16463.39
183,183,Education,45567.61,15.74,34,1,38,Married,5,21.49,16866.07
184,184,Business,37523.46,7.62,24,0,64,Divorced,0,null,6341.98
185,185,Other,13766.26,15.52,6,0,26,Single,3,1.36,2339.19
186,186,Home,33925.52,18.61,35,0,69,Widowed,2,13.46,null
187,187,Home,33406.83,11.22,31,0,39,Divorced,3,26.36,11669.57
188,188,Home,43004.40,15.66,52,1,37,Widowed,0,25.27,11041.17
189,189,Other,14128.42,19.3,50,0,31,Single,2,null,12228.95
190,190,Car,3386.85,10.81,53,0,52,Married,2,24.57,17062.92
191,191,Education,18216.48,11.01,37,1,41,Widowed,0,16.13,10444.26
192,192,Business,16655.12,11.36,51,0,23,Single,4,null,4866.30
193,193,Car,48844.14,8.94,16,0,23,Married,3,null,9805.40
194,194,Business,34467.96,15.56,44,0,67,Married,2,31.98,8505.57
195,195,Education,18927.06,10.57,43,0,25,Divorced,2,4.21,19491.46
196,196,Business,23970.90,11.56,57,0,24,Single,5,null,null
197,197,Other,42053.62,11.82,13,0,25,Single,4,31.04,13037.40
198,198,Education,19761.28,6.09,25,0,69,Divorced,5,null,19485.01
199,199,Education,38413.23,5.5,49,0,21,Widowed,5,34.85,12193.28
200,200,Business,21596.68,13.12,43,0,28,Divorced,4,29.35,null
201,201,Home,27127.00,18.18,6,0,61,Widowed,4,18.7,2757.11
202,202,Business,14648.73,11.43,15,0,67,Divorced,1,20.41,3802.07
203,203,Business,41539.36,10.27,57,0,55,Divorced,2,31.05,null
204,204,Home,23498.47,9.14,24,0,44,Married,3,34.22,2157.85
205,205,Other,40441.72,7.18,32,0,30,Divorced,3,30.72,15981.85
206,206,Other,4630.17,13.66,57,0,62,Widowed,0,14.6,19098.92
207,207,Home,32092.84,19.61,36,0,25,Widowed,3,25.07,12123.21
208,208,Car,21279.04,10.49,27,0,66,Married,2,null,12311.69
209,209,Other,18495.26,9.04,32,0,30,Divorced,4,26.62,15824.80
210,210,Home,46430.47,10.51,31,0,56,Divorced,2,35.95,12444.39
211,211,Car,25263.24,19.12,55,0,56,Married,3,null,null
212,212,Education,33532.48,19.62,48,0,62,Married,3,10.79,4351.53
213,213,Education,5299.17,18.18,39,0,28,Married,0,33.37,3592.87
214,214,Other,31492.34,6.17,16,0,50,Married,5,22.89,18474.54
215,215,Education,16886.28,11.89,42,0,62,Single,2,0.82,17151.04
216,216,Education,21726.91,9.37,18,0,64,Married,4,6.13,null
217,217,Other,23959.32,5.04,39,0,41,Divorced,0,30.01,null
218,218,Car,16320.10,17.72,55,0,20,Widowed,5,4.49,10049.64
219,219,Car,8593.10,15.97,34,0,25,Single,4,29.12,16132.48
220,220,Business,15498.96,7.16,16,0,38,Married,5,24.21,null
221,221,Other,48852.03,10.89,26,0,56,Married,3,7.11,null
222,222,Home,15629.92,19.57,53,0,21,Widowed,1,39.68,15242.67
223,223,Business,25912.18,7.46,33,0,53,Single,1,26.3,15762.01
224,224,Home,6927.84,17.23,47,0,30,Widowed,0,1.69,2070.09
225,225,Car,9128.88,14.53,19,0,59,Widowed,1,9.97,null
226,226,Car,12742.74,7.11,12,0,21,Married,1,null,1672.81
227,227,Business,29684.22,6.21,52,0,60,Single,4,21.49,19708.94
228,228,Education,11487.49,15.49,37,0,57,Divorced,4,24.8,13831.25
229,229,Other,41975.76,19.63,39,0,50,Divorced,5,null,null
230,230,Other,30732.23,11.61,9,0,38,Married,2,14.65,null
231,231,Other,46656.79,6.16,20,0,39,Married,2,22.38,11808.65
232,232,Business,23912.05,14.21,20,0,29,Widowed,1,null,12432.91
233,233,Other,33967.73,10.88,8,1,49,Married,5,11,19558.58
234,234,Home,44113.69,6.8,54,1,40,Divorced,0,13.52,null
235,235,Business,22472.51,9.77,59,1,42,Widowed,2,38.09,15543.97
236,236,Education,4496.14,17.74,41,0,48,Divorced,0,34.61,5958.58
237,237,Car,29490.60,5.25,22,0,69,Widowed,3,11.8,null
238,238,Business,8573.37,19.36,9,0,67,Divorced,2,23.18,11033.98
239,239,Other,38520.45,15.19,21,0,42,Single,5,null,8466.94
240,240,Car,40477.79,19.1,8,0,56,Divorced,1,21.07,13972.84
241,241,Other,26273.38,17.96,32,0,39,Widowed,1,null,null
242,242,Car,41926.49,9.95,50,0,45,Married,3,null,1290.59
243,243,Business,39659.54,16.57,7,0,39,Single,3,null,6376.65
244,244,Education,35329.71,6.72,55,0,38,Single,0,23.28,12828.56
245,245,Education,17962.50,18.4,20,0,43,Divorced,1,15.26,7325.90
246,246,Business,2628.50,15.62,48,0,54,Divorced,5,33.71,15451.03
247,247,Other,34683.50,17.43,43,0,64,Single,4,null,17502.22
248,248,Education,41675.46,19.95,56,0,41,Widowed,5,9.92,19392.41
249,249,Home,45728.19,18.88,11,0,19,Single,3,39.54,6382.25
250,250,Other,10662.89,18.67,37,1,30,Divorced,1,29.05,17020.02
251,251,Education,12632.80,11.84,12,0,61,Widowed,0,39.21,3444.50
252,252,Home,43847.44,18.14,40,0,24,Married,1,32.95,11478.35
253,253,Home,5390.81,13.22,20,0,25,Single,0,14.03,16984.93
254,254,Education,40526.48,9.62,35,0,47,Single,0,13.73,11652.46
255,255,Car,1240.22,17.36,19,0,46,Widowed,5,22.78,null
256,256,Business,19670.54,16.1,53,0,66,Divorced,1,null,16827.82
257,257,Other,38969.81,6.09,29,0,33,Single,5,5.12,19194.88
258,258,Car,37145.45,13.11,42,0,66,Widowed,4,3.79,8226.69
259,259,Education,18221.40,8.43,43,0,60,Married,2,1.08,4786.00
260,260,Home,48308.58,10.89,36,0,41,Single,1,37.06,1964.67
261,261,Business,12907.39,12.31,54,0,38,Married,3,36.04,2280.91
262,262,Education,47825.87,16.32,52,0,49,Single,0,3.76,15910.78
263,263,Other,11554.97,18.26,42,0,47,Divorced,1,32.37,13207.66
264,264,Other,8455.27,8.17,25,1,66,Married,5,2.56,null
265,265,Education,48092.49,6.95,53,0,69,Divorced,0,33.85,2953.48
266,266,Business,28894.73,10.04,11,0,59,Widowed,3,null,10713.71
267,267,Home,8158.06,16.37,37,0,24,Divorced,3,31.92,19139.67
268,268,Home,28146.58,5.3,45,0,24,Divorced,1,1.25,null
269,269,Car,14391.60,18.88,11,0,44,Married,0,28.14,17958.43
270,270,Car,25479.50,13.6,58,0,28,Divorced,2,null,11958.91
271,271,Business,47500.15,16.92,10,0,18,Widowed,3,18.21,4568.74
272,272,Car,10979.73,13.37,29,1,38,Single,0,36.74,13980.96
273,273,Car,2415.58,18.81,57,0,19,Divorced,0,5.24,11204.06
274,274,Other,18905.10,18.25,51,0,40,Widowed,3,null,7003.94
275,275,Other,15485.56,17.73,53,1,30,Divorced,5,16.38,4672.67
276,276,Other,37850.17,16.59,44,0,19,Single,0,null,18406.83
277,277,Car,35418.83,13.02,13,0,42,Married,3,4.46,null
278,278,Other,35967.35,16.09,13,0,20,Single,2,6.47,10658.31
279,279,Education,29910.61,16.75,32,0,29,Widowed,1,13.17,null
280,280,Other,11980.62,11.07,43,0,38,Single,0,27.74,null
281,281,Car,31008.83,5.13,22,0,22,Married,4,null,5259.30
282,282,Education,9076.97,15.39,17,0,47,Single,1,1.47,9890.47
283,283,Other,45339.48,19.32,20,0,55,Widowed,3,7.69,3623.46
284,284,Education,36999.08,15.45,52,0,38,Single,4,null,5202.34
285,285,Other,26558.54,14.32,7,0,32,Single,5,39.6,4821.68
286,286,Business,45333.01,7.65,13,0,35,Single,3,null,null
287,287,Education,6814.06,8.73,56,0,55,Widowed,4,37.94,19258.36
288,288,Car,20147.93,5.2,55,1,66,Single,3,11.28,6845.79
289,289,Business,21843.81,19.05,52,0,38,Divorced,1,null,8939.32
290,290,Home,8193.80,18.04,55,0,57,Married,3,6.18,4841.89
291,291,Business,24633.36,5.7,9,0,63,Married,3,null,3574.56
292,292,Car,9273.99,17.54,32,1,22,Widowed,4,23.85,null
293,293,Business,17547.61,19.68,50,0,38,Single,5,34.3,15916.66
294,294,Other,40306.40,10.77,41,0,25,Married,2,28.96,3522.18
295,295,Education,42081.12,7.86,14,0,58,Single,3,null,7650.21
296,296,Other,41158.40,14.81,10,0,51,Divorced,2,25.22,8458.50
297,297,Other,13600.94,13.63,46,0,63,Divorced,0,10.4,16058.97
298,298,Business,12738.19,18.4,13,0,44,Single,2,36.15,1756.47
299,299,Business,13804.34,5.56,37,0,22,Married,0,22.61,4008.42
300,300,Car,33371.39,13.49,39,0,56,Widowed,3,null,null
301,301,Business,10085.32,17.89,31,0,41,Divorced,5,21.46,17344.70
302,302,Other,39628.32,15.71,41,0,50,Single,3,30.33,16305.16
303,303,Business,40095.72,7.26,60,0,31,Single,4,14.06,null
304,304,Home,45561.41,13.75,34,0,19,Married,2,null,null
305,305,Other,5928.04,7.7,47,0,33,Widowed,0,15.66,10429.91
306,306,Home,43838.13,5.74,23,0,47,Divorced,4,35.25,13389.03
307,307,Other,5993.78,7.72,24,0,50,Divorced,5,14.98,19860.05
308,308,Business,37216.52,9.66,13,0,54,Divorced,0,1.27,4109.34
309,309,Car,10848.00,19.54,45,0,39,Married,4,23.24,16595.72
310,310,Business,42325.07,6.57,49,0,37,Divorced,2,3.69,15369.44
311,311,Education,28001.08,13.83,56,0,39,Divorced,3,null,13379.43
312,312,Car,32525.32,9.08,13,0,37,Single,0,6.64,12878.53
313,313,Education,22958.96,19.8,28,0,18,Single,1,23.48,1208.68
314,314,Car,20370.80,14.18,55,0,41,Single,0,27.46,14228.00
315,315,Business,5024.42,19.54,51,1,51,Widowed,5,25.86,null
316,316,Car,28160.90,11.94,21,0,68,Single,4,15.07,4410.54
317,317,Home,22307.50,6.41,25,0,30,Married,0,null,18212.98
318,318,Other,32217.56,12.08,45,0,46,Widowed,2,null,13940.71
319,319,Education,27399.80,19.96,33,0,68,Divorced,0,4.63,9691.63
320,320,Other,31456.25,7.51,59,0,52,Divorced,3,20.07,null
321,321,Car,16934.59,10.98,47,1,44,Married,5,31.4,17618.36
322,322,Other,46822.58,15.55,55,0,25,Widowed,1,8.2,8994.40
323,323,Business,37187.63,18.28,51,0,68,Single,2,26.54,13241.23
324,324,Other,23493.15,6.82,44,0,26,Married,1,29.87,12133.44
325,325,Education,30527.10,17.66,42,0,29,Widowed,2,null,null
326,326,Car,48518.35,7.05,11,0,40,Divorced,4,null,8355.31
327,327,Education,38213.78,15.05,52,0,52,Widowed,3,14.17,19223.83
328,328,Home,17162.30,5.34,11,0,39,Divorced,5,13.67,11794.00
329,329,Education,1152.76,17.27,54,0,46,Married,5,24.43,2583.56
330,330,Education,22978.21,17.73,7,0,28,Widowed,3,16.4,null
331,331,Home,15519.43,14.4,17,0,64,Single,3,null,12339.42
332,332,Education,33129.90,18.8,20,0,66,Widowed,1,29.27,null
333,333,Education,7921.64,5.98,43,0,32,Married,1,10.27,10354.11
334,334,Business,10611.49,16.73,57,0,45,Married,1,4.5,12490.11
335,335,Car,45532.05,7.45,14,0,60,Widowed,3,24.86,null
336,336,Education,10367.14,14.9,11,0,47,Married,4,15.66,null
337,337,Business,3792.19,12.72,16,0,63,Married,2,23.48,14185.58
338,338,Education,34634.05,15.79,60,0,68,Divorced,1,29.54,4830.61
339,339,Business,32278.64,17.54,10,0,52,Widowed,1,31.7,2686.64
340,340,Home,9266.47,11.51,9,0,26,Divorced,0,null,null
341,341,Home,47152.24,14.38,8,0,50,Divorced,2,2.13,7489.18
342,342,Car,2000.69,5.87,48,0,69,Single,4,10.32,4361.54
343,343,Car,23780.33,12.22,57,0,25,Widowed,3,19.77,7788.39
344,344,Business,49953.31,5.09,18,0,28,Divorced,0,30.17,null
345,345,Business,7985.62,5.99,37,0,55,Widowed,5,15,2661.09
346,346,Home,36453.41,6.82,18,0,26,Divorced,4,null,2720.27
347,347,Home,38879.31,17.99,38,0,44,Widowed,3,12.44,2422.19
348,348,Business,34134.10,14.41,36,1,66,Single,5,null,null
349,349,Business,12728.65,6.66,19,0,32,Married,5,18.54,16293.33
350,350,Car,13208.42,6.7,59,0,68,Married,1,31.05,11726.43
351,351,Other,17235.17,18.41,26,0,60,Married,1,null,10543.01
352,352,Home,21351.74,11.04,43,0,58,Married,0,15.32,7546.03
353,353,Other,44228.66,7.46,42,0,69,Divorced,4,null,2873.23
354,354,Other,42179.82,7.98,14,0,60,Single,5,13,2473.68
355,355,Car,14104.66,8.83,50,0,55,Divorced,3,11.97,16569.40
356,356,Car,22990.08,11.53,42,0,47,Divorced,5,8.28,15490.13
357,357,Business,3369.24,8.8,18,1,43,Married,2,39.01,17310.07
358,358,Business,30692.45,19.14,26,0,30,Divorced,2,24.78,3312.41
359,359,Home,13039.43,8.42,15,0,68,Single,3,28.73,3277.03
360,360,Other,40226.06,15.6,50,0,25,Divorced,1,24.64,16373.43
361,361,Car,46135.01,12.87,57,0,59,Single,0,23.23,15926.72
362,362,Other,1566.70,6.18,60,0,51,Single,5,null,5261.80
363,363,Business,48461.17,5.31,28,0,63,Married,5,12.9,3161.87
364,364,Car,4338.32,6.76,11,0,50,Divorced,1,null,14121.45
365,365,Business,30191.83,5.14,21,0,46,Married,4,10.31,5469.78
366,366,Home,44313.47,5.64,51,0,26,Married,2,25.22,14160.57
367,367,Car,27891.54,5.62,14,0,37,Married,2,null,10445.31
368,368,Other,8280.44,11.47,21,0,31,Divorced,0,30.26,18534.45
369,369,Business,33227.64,17.35,55,0,21,Widowed,3,null,null
370,370,Education,3598.70,11.54,45,0,22,Single,0,12.69,null
371,371,Home,31106.30,7.38,17,0,41,Divorced,2,null,null
372,372,Other,11970.70,18.62,40,1,38,Divorced,2,21.61,17645.90
373,373,Education,23062.35,10.05,43,0,39,Married,4,21.99,14259.14
374,374,Car,19793.43,15.53,48,0,61,Widowed,2,2.17,12639.18
375,375,Car,21576.69,11.29,13,0,18,Divorced,4,18.96,8675.24
376,376,Other,49475.03,12.02,18,0,58,Married,0,37.61,18840.96
377,377,Education,25808.02,16.45,32,0,25,Divorced,5,38.47,16388.46
378,378,Education,6234.24,7.91,24,0,39,Married,2,4.13,11434.21
379,379,Education,27682.44,19.76,17,0,47,Widowed,2,7.79,6777.41
380,380,Home,14283.92,11.85,54,0,66,Single,2,28.33,null
381,381,Other,8354.53,5.46,39,0,36,Divorced,5,6.17,null
382,382,Business,13473.07,9.49,36,0,56,Widowed,1,null,13935.87
383,383,Education,34944.03,11.69,27,0,18,Widowed,5,3.37,11187.55
384,384,Home,5889.58,10.92,16,0,67,Married,4,null,11389.85
385,385,Education,46922.74,17.05,57,1,40,Single,2,17.53,7312.72
386,386,Car,47320.96,5.64,36,1,65,Divorced,2,2.94,8123.24
387,387,Education,23284.89,10.84,31,0,39,Single,4,null,14789.29
388,388,Car,25970.88,9.35,14,0,70,Married,1,null,15657.26
389,389,Home,43327.73,15.45,8,0,68,Divorced,5,38.31,6360.79
390,390,Business,20492.41,17.67,31,0,24,Single,5,null,18723.10
391,391,Education,38432.17,16.18,26,1,37,Widowed,1,6.82,6640.85
392,392,Education,26813.48,14.79,27,0,63,Widowed,5,36.32,13276.82
393,393,Business,46964.41,13.68,18,1,48,Widowed,2,null,13586.49
394,394,Other,40546.73,18.12,20,1,70,Married,3,28.99,null
395,395,Other,9040.81,15.16,57,0,32,Divorced,3,21.76,19374.07
396,396,Education,31932.69,6.28,23,0,65,Single,3,33.66,2646.14
397,397,Home,26012.90,14.97,39,0,46,Divorced,0,null,8088.05
398,398,Business,31784.35,10.56,39,0,29,Divorced,3,19.54,null
399,399,Car,48487.61,19.61,46,0,60,Single,1,14.07,8551.84
400,400,Other,12599.92,12.7,42,1,54,Widowed,1,29.12,1776.65
401,401,Home,7274.00,15.78,47,1,63,Widowed,2,18.63,9612.90
402,402,Car,16980.55,11.81,12,0,64,Widowed,2,32.14,15520.24
403,403,Car,49430.07,14.65,29,0,28,Divorced,2,38.75,1960.77
404,404,Home,42502.96,18.85,44,0,48,Widowed,4,31.06,6690.79
405,405,Business,44282.78,10.29,51,1,70,Divorced,3,34.56,9110.78
406,406,Home,32500.21,18.29,51,0,67,Married,5,31.14,12826.62
407,407,Business,29327.54,12.48,22,0,70,Married,4,10.37,15283.94
408,408,Home,49257.17,6.51,14,0,59,Single,5,3.58,13862.36
409,409,Car,2341.81,13.58,18,1,31,Married,3,null,3833.03
410,410,Car,44585.42,6.79,53,0,70,Widowed,3,26.98,17550.68
411,411,Education,44334.75,5.19,43,0,63,Single,0,30.55,7258.75
412,412,Other,10952.97,19.78,58,0,56,Married,3,33.26,4607.31
413,413,Other,33012.43,6.6,23,0,30,Divorced,3,23.95,11883.86
414,414,Home,32849.89,15.45,52,1,25,Single,5,4.22,10734.83
415,415,Other,23512.69,14.99,9,0,29,Divorced,2,1,1717.34
416,416,Other,43627.52,14.57,17,0,28,Married,5,11.31,15711.17
417,417,Other,7157.60,13.94,23,0,21,Divorced,3,null,19686.01
418,418,Home,29419.56,10.92,52,0,31,Married,2,null,4713.92
419,419,Car,17242.56,17.94,37,0,24,Single,3,19.5,4267.19
420,420,Car,21712.69,14.74,44,1,56,Single,1,7.37,4394.41
421,421,Other,31948.48,10.21,31,0,51,Single,5,21.36,11476.31
422,422,Car,29196.18,7.95,55,0,22,Single,5,16.22,19960.97
423,423,Education,33209.33,8.92,29,0,50,Single,5,9.77,null
424,424,Home,27241.59,9.83,57,1,27,Divorced,5,null,13937.51
425,425,Other,2452.85,13.78,20,0,65,Divorced,2,37.78,7085.52
426,426,Other,45646.74,12.56,42,0,21,Widowed,3,31.96,null
427,427,Other,48671.74,7.63,34,0,27,Single,1,18.09,5924.14
428,428,Car,4436.64,16.35,44,0,36,Married,4,23.9,4897.42
429,429,Other,49425.79,11.98,58,0,41,Single,0,4.07,3668.57
430,430,Home,41681.10,13.96,54,0,53,Married,0,15.11,null
431,431,Home,46232.11,6.54,39,0,30,Widowed,0,33.21,6548.05
432,432,Business,39921.93,13.6,53,0,58,Married,1,null,16599.20
433,433,Car,39301.94,5.85,15,0,70,Single,5,null,null
434,434,Car,12154.49,15.75,17,0,65,Divorced,2,28.54,16955.17
435,435,Other,14084.03,15.57,19,0,60,Married,0,4.42,6887.22
436,436,Education,39471.44,16.09,56,1,36,Single,1,19.39,1664.67
437,437,Education,37117.70,14.26,53,0,20,Married,2,29.65,10575.33
438,438,Other,9799.70,18.19,47,0,59,Single,3,18.05,5720.33
439,439,Business,32657.04,16.15,23,0,65,Single,3,36.29,12494.30
440,440,Education,43959.58,8.73,50,1,61,Divorced,3,null,10860.68
441,441,Education,5003.68,10.81,7,0,51,Married,4,7.46,4005.44
442,442,Education,47212.39,10.67,48,0,44,Divorced,1,33.13,null
443,443,Car,38587.54,18.71,24,1,54,Widowed,4,1.63,null
444,444,Education,28131.24,12.72,51,0,50,Single,3,14.67,5927.34
445,445,Education,40611.53,16.58,43,0,67,Widowed,5,0.45,null
446,446,Business,38498.10,13.2,59,0,66,Widowed,1,17.9,1994.89
447,447,Education,37867.50,16.47,48,1,45,Single,0,12.74,10907.91
448,448,Car,44880.04,5.68,31,0,68,Divorced,1,null,null
449,449,Other,29249.70,14.46,16,0,58,Married,3,18.66,15626.97
450,450,Other,45810.18,10.9,35,1,26,Single,3,null,16457.93
451,451,Home,44960.43,15.44,19,0,56,Married,5,28.68,17494.20
452,452,Education,44314.13,11.5,9,0,31,Divorced,5,16.37,14737.63
453,453,Home,40507.14,11.14,24,0,46,Single,0,null,13916.65
454,454,Home,6427.17,8.73,38,0,30,Divorced,0,33.96,4456.15
455,455,Other,36198.70,6.42,13,0,48,Widowed,5,2.56,10516.47
456,456,Home,25634.84,18.67,6,0,37,Single,2,5.23,null
457,457,Education,48539.17,5.23,56,1,67,Married,3,4.34,null
458,458,Car,44597.34,14,7,0,37,Widowed,0,21.95,null
459,459,Education,11400.69,12.97,23,0,27,Widowed,2,34.07,null
460,460,Other,14108.37,16.81,10,0,37,Divorced,3,33.78,2501.29
461,461,Education,42958.87,5.77,19,0,51,Single,3,26.54,3807.87
462,462,Business,46902.57,10.27,51,0,66,Widowed,1,39.28,11935.91
463,463,Car,26474.73,14.71,52,0,30,Divorced,5,9.83,2259.31
464,464,Other,2252.32,15.61,32,0,57,Single,5,17.77,14352.96
465,465,Education,47544.75,13.84,41,0,23,Married,2,16.29,8215.24
466,466,Other,48972.32,7.8,32,0,18,Single,5,28.12,19463.50
467,467,Education,34093.15,8.99,25,0,43,Single,1,37.62,1385.66
468,468,Business,47979.30,10.86,15,0,57,Divorced,0,null,10027.86
469,469,Education,25923.48,18.73,59,0,26,Single,2,9.16,2822.49
470,470,Home,39483.59,12.11,27,0,45,Widowed,5,null,2297.17
471,471,Other,15523.26,16.61,54,1,47,Married,4,27.19,null
472,472,Other,37111.74,10.44,34,0,49,Widowed,2,null,null
473,473,Home,23873.13,18.06,9,0,33,Single,5,31.35,5669.79
474,474,Home,12857.91,8.39,44,0,52,Widowed,5,null,7485.63
475,475,Education,20793.84,19.33,24,0,40,Single,5,11.79,12820.99
476,476,Education,25484.84,8.62,30,0,39,Married,5,null,3154.43
477,477,Car,9802.73,5.35,43,1,68,Divorced,1,36.96,3147.68
478,478,Education,34669.04,11.25,37,0,35,Single,5,1.77,16587.86
479,479,Car,11869.51,19.22,20,0,24,Single,2,10.93,null
480,480,Car,4610.92,10.13,42,1,58,Married,3,null,12396.52
481,481,Other,39639.59,7.76,17,0,25,Married,2,11.69,3448.49
482,482,Business,42904.24,18.99,51,0,47,Married,3,null,null
483,483,Business,41175.26,8.2,48,0,60,Widowed,4,19.1,16686.89
484,484,Education,48302.46,8.81,50,0,60,Divorced,4,null,14524.73
485,485,Car,47237.22,14.26,49,0,48,Widowed,3,null,15357.83
486,486,Education,47196.84,19.64,34,1,28,Married,4,23.56,7809.52
487,487,Other,32184.59,17.57,52,0,67,Divorced,3,39.99,17362.70
488,488,Business,10052.33,13.27,55,1,68,Single,3,17.24,null
489,489,Home,24630.40,5.24,48,0,34,Single,0,null,3912.10
490,490,Home,46348.46,8.65,19,1,48,Married,1,4.59,3773.36
491,491,Education,7019.82,8.23,56,0,66,Married,0,34.37,17999.90
492,492,Car,48991.80,19.44,36,0,31,Divorced,4,19.66,17987.37
493,493,Business,25461.40,6.3,51,0,49,Married,3,39.38,2788.34
494,494,Business,9674.64,9.44,14,0,52,Single,5,19.07,6342.58
495,495,Business,22399.06,14.57,22,1,27,Divorced,3,null,19902.22
496,496,Education,14408.43,7.69,20,0,41,Widowed,3,5.65,null
497,497,Car,22074.07,7.11,30,0,48,Widowed,3,7.04,null
498,498,Home,29219.83,6.44,33,0,58,Divorced,3,3.44,1578.63
499,499,Home,27680.56,15.89,55,0,21,Divorced,1,14.97,6444.65
500,500,Other,46530.46,14.67,7,0,60,Single,1,11.14,13989.27
501,501,Car,49489.56,18.95,46,0,57,Divorced,4,4.67,15262.69
502,502,Education,5615.68,12.18,52,0,28,Single,3,null,8125.65
503,503,Home,49367.13,7.64,28,0,53,Married,5,38.95,10089.88
504,504,Other,22391.70,6.86,34,0,19,Married,5,24.23,null
505,505,Home,13822.72,19.49,37,0,39,Married,0,36.01,18153.64
506,506,Car,43847.82,18.55,53,0,55,Single,4,0.42,null
507,507,Home,26148.54,17.77,42,0,65,Married,2,16.1,17623.84
508,508,Car,8053.41,10.73,44,0,20,Married,3,31.06,13419.06
509,509,Education,46795.15,16.38,27,0,39,Single,0,8.63,null
510,510,Car,40391.40,19.03,16,0,36,Divorced,3,6.1,19514.53
511,511,Business,38378.04,18.85,34,0,70,Single,4,28.46,11310.28
512,512,Education,30554.06,8.37,30,0,56,Widowed,0,19.99,4476.10
513,513,Other,8517.71,18.78,19,0,68,Widowed,0,10.85,null
514,514,Car,36603.53,18.26,49,0,45,Divorced,3,11.23,9988.29
515,515,Car,7943.51,17.91,23,0,20,Divorced,3,18.74,6591.40
516,516,Home,12195.99,5.71,7,0,51,Single,4,0.31,15011.28
517,517,Other,48629.93,15.06,39,0,30,Divorced,5,32.52,6330.58
518,518,Car,39942.58,10.36,12,0,64,Divorced,3,33.65,14531.29
519,519,Car,39552.49,10.97,60,0,55,Widowed,2,33.92,17845.35
520,520,Other,43676.80,9.59,47,0,69,Widowed,5,37.68,1625.93
521,521,Car,29321.52,12.43,41,0,39,Widowed,4,22.14,null
522,522,Home,49039.63,19.2,28,0,27,Married,3,9.38,13710.06
523,523,Car,32202.51,11.1,44,0,40,Widowed,2,35,4840.14
524,524,Other,3081.71,13.19,51,0,62,Married,1,33.7,14618.90
525,525,Education,22110.32,14.57,15,0,18,Single,0,5.28,15180.60
526,526,Education,43587.38,5.53,54,0,63,Widowed,3,7.4,12714.59
527,527,Education,2031.31,15.67,43,0,18,Widowed,5,31.97,null
528,528,Other,4991.81,16.56,47,0,27,Single,3,null,3887.01
529,529,Business,27920.38,11.61,46,0,62,Widowed,1,null,5232.11
530,530,Home,26589.19,13.45,35,0,49,Married,1,29.63,7587.33
531,531,Car,46428.44,9.57,40,1,63,Widowed,3,36.59,12900.29
532,532,Other,37249.99,12.51,21,0,38,Divorced,0,null,16202.48
533,533,Home,49750.89,16.63,39,0,28,Divorced,4,8.88,18697.48
534,534,Business,13657.32,5.61,45,0,55,Divorced,5,null,3517.14
535,535,Car,12422.61,14.81,13,0,56,Widowed,0,29.65,12115.28
536,536,Car,8051.50,18.35,52,0,31,Single,4,27.86,19971.41
537,537,Other,44714.70,16.91,16,0,39,Widowed,0,11.09,null
538,538,Business,35466.89,7.76,18,0,43,Married,1,16.59,null
539,539,Other,10770.22,8.79,20,0,34,Single,2,32.01,3511.38
540,540,Home,42218.55,9.56,41,0,57,Married,0,30.51,9980.50
541,541,Other,10222.27,10.35,33,0,59,Divorced,0,2.7,16915.05
542,542,Education,24713.61,13.81,22,0,25,Widowed,3,12.31,17198.00
543,543,Other,1175.91,17.47,20,0,20,Divorced,1,7.64,2163.32
544,544,Business,46687.47,12.69,21,0,38,Widowed,0,24.75,13880.86
545,545,Home,3523.19,14.6,21,0,30,Widowed,1,27.85,16028.23
546,546,Business,37864.61,13.9,37,0,49,Divorced,5,3.65,4943.85
547,547,Business,47433.72,14.3,18,0,37,Single,4,4.95,3347.21
548,548,Home,11284.25,13.71,53,0,25,Single,5,19.82,16696.06
549,549,Home,4956.03,8.45,55,0,26,Divorced,1,17.52,1086.97
550,550,Business,38434.05,9.35,32,0,34,Divorced,1,23.52,null
551,551,Home,9915.48,8.86,52,0,29,Widowed,3,11.01,4946.10
552,552,Business,35982.87,5.77,21,0,52,Divorced,5,9.24,11949.23
553,553,Car,3987.90,7.12,18,0,65,Divorced,4,null,10150.56
554,554,Other,14278.99,12.91,8,0,28,Widowed,2,27.81,null
555,555,Home,40760.08,16.13,41,0,63,Married,4,2.22,18524.37
556,556,Car,41415.35,10.11,47,0,22,Married,4,null,11361.57
557,557,Other,12006.45,17.42,23,1,33,Married,3,38.48,6601.47
558,558,Education,34472.06,15.52,34,0,26,Divorced,0,20.54,17531.59
559,559,Car,36381.84,6.05,51,0,25,Divorced,4,21.86,18859.10
560,560,Car,32799.18,15.25,43,0,34,Married,4,3.57,17846.95
561,561,Home,25704.58,10.93,49,0,22,Divorced,3,32.76,9846.13
562,562,Car,32301.87,16.95,6,1,32,Single,5,38.98,14302.22
563,563,Home,6783.42,12.02,32,0,45,Married,2,6.71,null
564,564,Business,31230.20,18.87,19,0,69,Widowed,4,18.65,null
565,565,Car,21297.83,13.15,45,0,33,Widowed,4,14.35,16724.71
566,566,Home,31091.19,7.54,29,1,55,Married,4,null,8456.55
567,567,Education,49147.09,17.28,48,1,39,Single,2,12.44,6459.96
568,568,Home,11855.46,16.64,41,0,59,Divorced,5,22.76,17819.29
569,569,Other,40507.63,17.79,60,0,47,Married,2,null,10848.01
570,570,Business,4421.80,18.94,16,0,55,Widowed,5,37.16,12695.15
571,571,Business,24202.53,19.6,10,0,57,Widowed,2,null,19537.90
572,572,Education,26500.08,9.05,32,1,68,Married,4,21.8,16664.75
573,573,Car,30228.97,14.54,44,0,35,Single,4,null,null
574,574,Car,37894.67,18.38,13,0,66,Widowed,4,38.51,1366.52
575,575,Business,48226.63,18.97,45,0,34,Divorced,3,5.57,4344.47
576,576,Business,42531.94,5.39,31,1,52,Married,4,30.02,1052.05
577,577,Home,40826.53,8.35,22,0,48,Divorced,3,21.52,6143.87
578,578,Other,35401.91,7.44,39,0,54,Single,5,null,10573.38
579,579,Business,25871.69,8.59,32,0,21,Married,2,null,19587.36
580,580,Education,1531.09,15.72,35,0,61,Divorced,4,19.84,9757.63
581,581,Education,29400.04,8.14,55,0,19,Widowed,3,28.01,7130.09
582,582,Car,44944.78,12.96,17,0,58,Married,4,32.05,3892.21
583,583,Education,15844.87,15.37,33,0,23,Divorced,0,27.58,16880.87
584,584,Business,9295.12,13.77,56,0,30,Married,4,38.71,13206.77
585,585,Car,7143.47,10.11,45,0,46,Married,0,null,9148.11
586,586,Other,1534.24,13.82,12,0,70,Married,1,null,18519.39
587,587,Other,49555.70,10.91,52,1,63,Widowed,0,31.61,null
588,588,Education,13201.16,12.02,20,0,29,Single,3,30.86,8731.18
589,589,Other,47567.32,13.93,59,0,28,Widowed,3,31.62,null
590,590,Other,25454.83,18.69,59,0,33,Divorced,2,14.15,11394.67
591,591,Education,10536.15,15.84,31,0,20,Single,1,17.84,18100.20
592,592,Education,6616.52,8.12,20,0,56,Married,5,null,18497.05
593,593,Education,38837.84,17.63,37,0,43,Single,0,3.78,4846.05
594,594,Education,41886.75,7.76,53,1,61,Divorced,5,2.88,null
595,595,Business,30114.06,10.77,47,0,36,Widowed,4,32.38,5320.09
596,596,Home,13014.75,9.21,20,0,70,Divorced,4,32.26,12135.02
597,597,Home,17916.81,11.87,49,0,47,Married,3,null,null
598,598,Business,5944.97,15.94,17,0,65,Widowed,5,8.83,null
599,599,Business,25554.07,12.35,42,0,61,Divorced,2,9.49,null
600,600,Home,47086.34,10.7,22,1,63,Married,3,null,null
601,601,Home,5445.08,6.65,50,0,41,Married,2,17.03,14028.72
602,602,Car,46453.97,9.65,49,0,47,Single,4,23.09,18103.19
603,603,Business,14968.65,13.76,16,0,27,Divorced,5,13.17,null
604,604,Car,6586.13,14.59,20,0,66,Single,4,null,18834.03
605,605,Car,2843.99,10.58,25,0,19,Widowed,3,35.04,null
606,606,Business,17020.40,8.79,44,0,60,Single,4,5.59,4847.62
607,607,Other,33207.11,17.69,9,0,58,Married,4,20.22,5435.36
608,608,Education,43268.12,8.13,8,0,49,Single,2,35.23,null
609,609,Car,47531.67,8.03,28,0,67,Widowed,1,19.07,14742.85
610,610,Business,23356.16,14.01,47,0,33,Married,1,36.18,6141.26
611,611,Home,49224.91,11.6,27,0,57,Divorced,2,7.71,15598.25
612,612,Business,23903.42,7.1,46,0,33,Widowed,5,null,8012.00
613,613,Home,2931.60,9.39,42,1,46,Single,0,null,13601.25
614,614,Business,34283.94,9.98,25,0,70,Widowed,0,4,6152.25
615,615,Car,6725.80,19.02,8,0,18,Divorced,4,6.32,null
616,616,Car,44850.59,14.3,36,0,66,Married,0,null,null
617,617,Education,41291.34,17.18,13,1,18,Single,0,0.44,7578.37
618,618,Other,33455.95,17.88,35,0,55,Widowed,2,null,18645.86
619,619,Home,2466.63,9.38,41,0,64,Single,3,24.42,1797.06
620,620,Car,31895.41,6.14,55,0,22,Widowed,3,37.34,10955.61
621,621,Business,29400.12,8.95,53,0,46,Married,0,29.28,19028.40
622,622,Business,40912.91,6.94,15,1,52,Married,5,28.11,null
623,623,Other,6467.47,7.42,35,0,56,Married,2,26.9,null
624,624,Education,35796.62,18.25,21,0,20,Married,2,null,null
625,625,Car,11862.39,17.09,11,1,32,Single,2,17.52,null
626,626,Home,6901.27,12.95,22,0,38,Married,0,10.47,9713.52
627,627,Business,3281.87,12.07,17,0,20,Widowed,4,12.36,null
628,628,Home,15537.99,10.47,58,1,65,Married,2,33.11,18362.70
629,629,Car,44187.63,5.03,60,0,21,Married,1,28.46,null
630,630,Home,20533.25,11.2,59,0,20,Divorced,4,null,7908.84
631,631,Car,5897.34,15.53,40,0,26,Widowed,3,19.59,null
632,632,Business,20791.14,6.61,23,0,47,Single,3,null,5085.06
633,633,Business,22740.97,18.4,48,0,27,Married,3,null,4404.05
634,634,Business,48066.08,13.16,17,0,29,Single,5,null,null
635,635,Business,31793.55,15.59,59,0,25,Married,1,26.18,17729.48
636,636,Business,46129.56,5.16,17,0,60,Widowed,0,11.24,3387.31
637,637,Home,3825.71,10.12,56,0,24,Divorced,5,3.54,4823.65
638,638,Home,8372.82,16.07,19,0,41,Divorced,2,23.62,null
639,639,Home,7434.36,10.5,39,1,63,Married,4,4.77,3530.50
640,640,Home,17779.36,16.64,60,0,63,Married,2,27.74,5984.67
641,641,Education,28810.48,13.87,58,0,35,Single,2,23.67,11806.37
642,642,Business,43096.90,10.35,53,0,22,Divorced,5,0.83,null
643,643,Other,27698.81,7.42,19,0,39,Single,4,13.47,19147.28
644,644,Other,47864.13,19.62,60,1,33,Married,2,16.99,3070.94
645,645,Other,35728.42,5.8,50,0,52,Divorced,5,3.8,13136.91
646,646,Car,29742.68,15.93,30,1,20,Married,1,23.23,null
647,647,Other,45471.89,7.12,26,0,39,Widowed,1,1.55,8752.75
648,648,Business,15195.24,13.38,17,0,30,Divorced,3,4.78,1993.35
649,649,Car,33600.65,18.74,17,1,57,Widowed,0,37.59,7644.30
650,650,Other,12938.55,8.48,59,0,47,Widowed,5,36.55,null
651,651,Home,36994.47,8.08,6,0,26,Single,0,null,19113.79
652,652,Education,25563.28,10.51,27,1,67,Single,0,null,null
653,653,Business,23301.75,9.71,44,0,49,Widowed,3,25.91,null
654,654,Car,45152.21,16.96,19,1,58,Single,5,10.18,null
655,655,Car,35136.52,18.35,20,1,57,Divorced,3,2.9,13282.93
656,656,Business,38710.94,18.32,30,0,45,Divorced,1,6.82,11224.80
657,657,Education,18672.78,15.45,52,0,45,Divorced,2,null,19387.62
658,658,Car,23223.16,19.14,7,0,42,Married,5,26.16,null
659,659,Education,24210.25,12.46,16,1,36,Single,0,9.47,16667.32
660,660,Business,21550.38,10.97,47,0,36,Married,2,35.47,8853.68
661,661,Other,33085.55,10.78,42,0,44,Single,5,17.23,3780.32
662,662,Education,3027.85,19.77,45,0,65,Divorced,1,13,16917.16
663,663,Home,33509.44,14.66,33,0,21,Divorced,5,31.42,2460.26
664,664,Home,44985.60,6.6,58,0,26,Single,2,null,7657.46
665,665,Other,4529.99,10.1,57,0,49,Widowed,5,1.44,8819.32
666,666,Business,14737.97,14.19,29,0,60,Divorced,2,null,14507.42
667,667,Education,15722.55,14.19,11,0,59,Single,0,35.25,17237.13
668,668,Car,10611.07,18.02,30,0,48,Divorced,0,29.61,3232.07
669,669,Home,40411.46,14.5,30,0,60,Widowed,2,9.5,16599.92
670,670,Other,15698.99,8.69,28,0,50,Divorced,4,22.05,1759.91
671,671,Home,39632.08,18.48,34,0,60,Married,1,23.91,14032.33
672,672,Education,4821.61,13.4,40,0,65,Married,4,26.24,4222.39
673,673,Home,9136.44,8.09,56,0,46,Married,1,null,null
674,674,Business,20347.42,10.09,25,0,55,Married,5,null,1510.60
675,675,Education,38771.43,7.83,41,0,61,Widowed,4,7.93,7487.04
676,676,Car,7926.34,13.92,44,0,48,Divorced,5,7.96,1006.24
677,677,Business,22291.98,10.11,57,0,56,Widowed,5,28.95,null
678,678,Home,8673.19,13.36,43,0,70,Divorced,5,null,10210.85
679,679,Home,4693.96,8.91,43,1,21,Single,5,24.27,18512.81
680,680,Car,29446.78,8.41,59,1,49,Single,4,9.56,1542.87
681,681,Home,6432.10,9.88,50,0,37,Single,3,21.52,null
682,682,Home,35206.33,7.36,35,0,65,Divorced,1,null,8515.43
683,683,Business,18917.50,5.2,34,0,50,Married,4,null,10656.96
684,684,Home,39343.67,5.31,19,0,45,Single,4,37,3940.91
685,685,Other,29288.74,19.34,50,0,25,Single,4,36.1,5101.28
686,686,Education,44248.27,15.15,23,0,31,Widowed,3,19.28,13982.75
687,687,Home,20735.67,12.42,12,0,42,Married,0,7.63,null
688,688,Car,25987.35,15.76,39,0,51,Widowed,5,38.23,6659.92
689,689,Education,18062.77,6.96,51,0,42,Married,5,null,null
690,690,Business,2634.40,17.98,25,0,34,Single,1,0.02,11681.52
691,691,Home,32914.51,17.42,59,1,39,Widowed,0,14.63,18084.31
692,692,Other,13418.49,5.85,50,0,38,Divorced,1,1.57,5534.92
693,693,Education,28831.14,12.47,48,0,66,Married,0,17.73,7382.26
694,694,Car,26922.62,13.83,26,0,41,Divorced,1,30.16,4585.39
695,695,Education,38369.99,16.8,54,0,31,Divorced,5,16.43,null
696,696,Home,8960.53,13.38,8,1,28,Divorced,3,null,11814.92
697,697,Other,42466.62,18,14,0,51,Married,2,29.87,null
698,698,Car,9526.40,13.8,19,0,31,Divorced,4,6.74,14180.19
699,699,Home,31088.69,19.76,35,0,68,Divorced,1,36.37,3237.48
700,700,Education,10791.11,12.91,18,0,54,Widowed,3,null,null
701,701,Car,44726.46,11.74,58,0,39,Married,3,null,null
702,702,Home,24705.06,18.59,22,0,50,Married,2,26.46,null
703,703,Home,15002.75,10.98,34,1,39,Married,4,19.76,5657.58
704,704,Home,49090.14,12.61,42,0,39,Divorced,5,38.42,16710.32
705,705,Education,29595.57,18.92,60,0,51,Widowed,3,18.37,11324.57
706,706,Other,36274.08,7.45,21,0,70,Widowed,1,21.71,12948.87
707,707,Other,43495.19,17.28,59,0,35,Married,3,26.64,18294.97
708,708,Car,5146.80,15.32,56,0,49,Divorced,5,1.27,17373.03
709,709,Education,2482.27,13.39,15,0,48,Married,5,22.3,null
710,710,Business,44899.99,17.33,19,0,63,Married,1,6.31,2815.31
711,711,Car,19039.32,16.47,20,1,18,Widowed,1,14.1,10744.20
712,712,Home,39324.97,19.86,9,0,66,Widowed,2,18.67,5847.62
713,713,Home,28641.88,17.82,30,1,49,Divorced,4,null,13086.63
714,714,Home,11590.46,9.03,39,0,51,Widowed,5,38.7,null
715,715,Home,28169.27,6.29,16,0,53,Single,2,17.55,null
716,716,Other,44069.61,5.11,22,0,50,Divorced,3,19.15,9324.95
717,717,Business,9174.30,18.74,32,0,57,Married,3,18.98,7462.22
718,718,Car,2087.03,5.18,26,0,58,Widowed,0,7.35,null
719,719,Other,33652.63,16.07,30,0,50,Divorced,4,null,19507.45
720,720,Education,38881.87,18.62,18,0,47,Widowed,1,null,3977.04
721,721,Other,2178.77,19.47,22,0,55,Married,4,14.88,8955.17
722,722,Home,7077.22,14.86,31,0,49,Widowed,2,null,3450.84
723,723,Car,16532.84,14.95,52,0,56,Married,0,null,null
724,724,Other,30622.46,16.13,17,0,46,Married,3,4.52,null
725,725,Home,11359.22,14.9,26,1,42,Married,2,14.79,15654.99
726,726,Other,11298.66,18.08,14,1,67,Single,1,14.99,null
727,727,Other,9475.29,15.53,50,0,39,Single,2,19.02,18303.31
728,728,Education,35143.73,5.66,59,0,64,Divorced,1,31.08,null
729,729,Home,29703.73,6.33,14,1,54,Widowed,4,34.52,8127.01
730,730,Business,32539.85,16.76,12,0,40,Divorced,2,null,8701.32
731,731,Education,45631.84,17.37,24,1,24,Single,4,null,10597.63
732,732,Car,34746.71,13.47,49,0,70,Divorced,3,null,12824.81
733,733,Home,20118.09,16.48,57,0,57,Single,1,29.9,17464.33
734,734,Home,30245.94,19.61,53,0,41,Single,3,34.63,4447.09
735,735,Business,26414.01,19.99,14,0,68,Divorced,1,6.13,9917.10
736,736,Education,34657.46,17.99,43,0,62,Widowed,3,34.47,17259.00
737,737,Other,31426.52,11.36,17,0,32,Divorced,5,24.16,4784.51
738,738,Business,34583.75,7.49,27,1,34,Divorced,0,13.46,7024.76
739,739,Car,1964.34,10.92,9,0,61,Single,4,null,7592.36
740,740,Car,43275.72,6.55,23,0,57,Widowed,4,null,17681.19
741,741,Other,34108.74,19.16,29,0,66,Single,1,6.32,9009.00
742,742,Business,8463.09,14.1,54,0,67,Widowed,4,28.63,16202.59
743,743,Car,33002.29,11.11,52,0,43,Divorced,5,null,16617.01
744,744,Car,4537.02,18.31,19,0,29,Single,2,3.15,14346.57
745,745,Home,23375.98,19.68,6,0,48,Single,1,9.17,null
746,746,Car,16875.31,10.79,33,0,42,Divorced,3,29.87,2220.40
747,747,Education,12402.51,6.21,54,0,58,Single,2,null,null
748,748,Other,9142.36,10.7,60,0,24,Single,5,7.54,14717.35
749,749,Car,45451.02,19.34,30,0,58,Divorced,1,null,6767.71
750,750,Home,15281.54,11.13,24,0,64,Married,1,0.57,7240.72
751,751,Home,36482.03,12.62,24,1,47,Divorced,2,20.96,8145.74
752,752,Education,18336.43,19.82,32,1,68,Widowed,5,4.24,16673.42
753,753,Education,24536.45,9.87,39,0,38,Widowed,2,17.83,15581.17
754,754,Home,39603.56,15.44,16,0,26,Single,0,8.46,11793.80
755,755,Car,5945.35,17.93,14,0,18,Single,2,null,13000.17
756,756,Other,13385.76,7.28,8,0,70,Widowed,1,14,18577.98
757,757,Business,15612.72,16.71,44,0,70,Married,1,39.97,14475.31
758,758,Education,32012.13,8.98,39,0,44,Divorced,2,31.99,9637.76
759,759,Business,33091.36,11.1,14,0,60,Married,5,15.29,1438.19
760,760,Education,4443.13,12.15,20,0,65,Widowed,2,9.55,null
761,761,Education,28765.76,19.57,54,0,22,Widowed,3,23.3,15867.91
762,762,Home,14430.72,19.78,32,0,60,Single,3,18.45,11588.24
763,763,Home,3414.29,19.09,17,0,61,Married,3,null,2186.45
764,764,Other,24500.67,13.76,48,0,62,Married,1,null,null
765,765,Education,4803.48,19.32,51,0,64,Single,1,22.35,4797.42
766,766,Other,48808.11,12.87,19,0,31,Single,3,0.61,6144.17
767,767,Business,45973.45,10.28,25,0,42,Married,5,17.56,5705.75
768,768,Business,48411.06,18.39,7,0,65,Widowed,1,null,9319.37
769,769,Other,17100.96,17.44,22,0,55,Single,2,null,null
770,770,Business,36711.81,17.18,15,0,66,Single,1,3.51,9684.39
771,771,Education,7032.09,18.57,22,0,27,Divorced,5,null,5486.00
772,772,Home,47498.70,6.18,26,0,59,Divorced,1,0.55,9919.90
773,773,Other,8467.67,10.68,55,1,26,Widowed,1,1.75,null
774,774,Home,36514.01,11,32,0,62,Married,3,25.38,15923.89
775,775,Education,14075.47,15.79,16,0,30,Divorced,1,12.12,12103.10
776,776,Car,25620.69,10.08,31,1,29,Single,2,null,null
777,777,Business,28275.92,10.68,26,0,26,Divorced,1,34.56,null
778,778,Home,30387.50,14.47,36,0,49,Divorced,3,18.62,7309.80
779,779,Home,37399.44,13.93,24,0,60,Divorced,5,17.21,3335.16
780,780,Business,31095.24,11.37,19,0,31,Single,1,4.39,16937.81
781,781,Car,7099.39,8.64,12,0,51,Divorced,2,31.25,12731.90
782,782,Home,33295.57,7.08,43,0,20,Single,0,23.03,null
783,783,Home,49997.97,17.89,44,0,24,Married,0,31.97,18483.07
784,784,Business,29484.16,13.11,50,1,18,Married,5,1.42,17930.42
785,785,Home,26312.20,5.53,33,0,58,Widowed,4,0.92,12667.43
786,786,Other,44832.94,16.55,16,0,49,Widowed,4,37.67,4713.77
787,787,Business,19258.68,10.18,12,0,30,Married,1,8.81,5509.01
788,788,Car,25978.55,5.36,10,0,32,Married,4,null,null
789,789,Home,26923.34,16.08,18,0,61,Divorced,5,28.68,13582.13
790,790,Home,3830.50,13.68,12,1,61,Married,2,2.66,7056.30
791,791,Education,21726.63,14.93,59,1,67,Single,0,35.67,null
792,792,Education,46680.59,8.65,39,0,29,Married,1,31.19,18692.37
793,793,Car,38514.07,17.29,43,0,61,Single,3,24.48,null
794,794,Car,37463.66,11.69,16,0,55,Divorced,2,0.98,11409.63
795,795,Home,23261.72,19.7,47,0,26,Married,3,36.51,6552.58
796,796,Home,14535.71,19.59,54,0,46,Divorced,0,35.71,11009.93
797,797,Other,41907.33,10.09,60,0,37,Widowed,0,7.49,null
798,798,Business,16109.31,14.36,27,0,38,Married,5,18.27,null
799,799,Home,39716.68,8.39,46,1,20,Widowed,5,15.39,2893.36
800,800,Education,46381.64,13.98,59,1,57,Married,4,24.97,5753.05
801,801,Business,2894.22,8.7,54,0,63,Widowed,1,3.28,4117.14
802,802,Home,37303.99,7.34,14,0,32,Married,5,25.14,7689.15
803,803,Business,18834.90,7.82,7,0,30,Widowed,0,null,13188.93
804,804,Home,6754.10,6.92,26,0,43,Widowed,2,16.2,14764.67
805,805,Other,8614.47,7.39,44,0,53,Married,5,7.3,6640.73
806,806,Business,20367.14,8.64,29,0,70,Divorced,4,null,12601.81
807,807,Car,42387.17,19.97,50,0,67,Divorced,1,20.41,17219.77
808,808,Education,41731.67,7.95,38,0,32,Single,2,36.04,17338.05
809,809,Other,7142.16,13.17,44,0,39,Single,1,0.8,9951.80
810,810,Other,24115.58,6.55,21,0,35,Married,2,34.92,16558.37
811,811,Home,34451.75,13.66,27,1,48,Married,4,18.69,8653.94
812,812,Home,34341.92,9.17,7,0,59,Single,1,29.69,2805.48
813,813,Car,30122.81,17.59,20,0,47,Widowed,1,17.01,1314.25
814,814,Home,31313.29,11.93,25,0,59,Divorced,1,4.71,10577.55
815,815,Home,6249.62,17.22,16,0,22,Married,4,5.97,9614.81
816,816,Education,43456.22,10.91,35,0,40,Single,3,32.13,8577.03
817,817,Other,21524.07,7.34,8,0,53,Widowed,4,22.15,13130.34
818,818,Home,40994.33,16.96,39,0,45,Single,4,null,8897.00
819,819,Other,17978.11,19.47,18,0,66,Married,3,null,16028.16
820,820,Business,48157.60,19.18,48,0,27,Divorced,3,5.64,2879.74
821,821,Education,31345.97,16.21,52,0,54,Widowed,1,null,9552.32
822,822,Other,1880.42,7.09,9,0,36,Married,2,33.61,18387.87
823,823,Other,47769.80,12.45,33,0,24,Divorced,2,10.72,null
824,824,Business,35266.90,5.87,7,0,70,Married,3,38.78,15213.90
825,825,Home,7298.15,7.88,9,0,46,Single,0,12.91,17932.04
826,826,Car,48395.24,18.12,43,0,53,Single,0,37.88,null
827,827,Education,37719.84,19.54,15,0,38,Married,1,31.24,null
828,828,Education,2942.81,8.53,21,0,58,Divorced,0,12.48,null
829,829,Other,46040.25,19.7,34,0,26,Divorced,2,3.77,2003.83
830,830,Business,22691.37,18.57,11,0,68,Single,0,21.1,8370.34
831,831,Car,36021.51,6.98,39,0,19,Single,3,null,17089.97
832,832,Education,33761.02,10.64,49,0,40,Single,3,36.44,4861.03
833,833,Education,48143.80,5.6,48,1,52,Widowed,1,16.99,null
834,834,Business,22577.77,19.76,24,0,29,Single,1,27.82,8335.02
835,835,Home,18516.35,11.34,27,0,23,Single,4,1.77,null
836,836,Car,21273.39,8.04,49,0,30,Married,3,null,8584.35
837,837,Business,37619.17,17.82,51,0,39,Married,4,11.88,18170.19
838,838,Business,24384.98,15.73,38,1,39,Single,4,29.44,14494.95
839,839,Other,21191.55,14.1,18,0,57,Single,0,19.97,13470.17
840,840,Home,11897.93,17.06,39,0,34,Single,1,21.53,13584.92
841,841,Car,12527.23,18.5,9,0,68,Single,4,10.42,19941.85
842,842,Car,45463.09,19.36,17,0,39,Widowed,5,16.07,9196.34
843,843,Education,35195.52,13.04,39,0,27,Married,4,5.55,9420.78
844,844,Education,49066.53,15.36,46,0,44,Widowed,0,24.92,19199.61
845,845,Other,46814.63,9.37,7,0,40,Divorced,5,null,8374.48
846,846,Other,40640.89,13.06,22,0,26,Single,4,null,null
847,847,Education,45181.96,10.33,8,0,29,Married,5,16.26,null
848,848,Business,9497.56,5.78,16,0,52,Divorced,1,null,7808.69
849,849,Car,15403.02,6.24,9,0,59,Married,4,23.7,15635.68
850,850,Home,44715.06,9.79,30,0,47,Widowed,3,2.05,1869.45
851,851,Car,28446.40,11.03,6,0,61,Divorced,4,21.81,null
852,852,Home,12420.32,12.95,60,1,49,Divorced,0,null,7816.17
853,853,Business,32829.15,17.94,23,0,53,Married,2,26.91,6110.88
854,854,Car,18095.68,12.26,52,0,23,Divorced,0,null,7653.27
855,855,Education,41595.68,15.36,59,0,47,Married,1,23.22,19112.08
856,856,Business,5797.26,19.5,58,0,36,Widowed,1,19.4,5958.66
857,857,Home,36478.77,12.84,49,0,24,Married,5,null,18353.55
858,858,Car,18581.77,12.27,53,0,70,Divorced,5,null,14391.65
859,859,Education,13263.93,10.86,41,0,64,Widowed,1,11.92,6030.77
860,860,Home,10837.69,16.63,41,0,61,Married,5,7.23,17582.81
861,861,Education,19291.49,6.24,48,0,44,Divorced,0,13.88,13602.09
862,862,Car,11629.80,15.52,8,0,32,Single,5,25.21,11114.21
863,863,Business,23039.19,12.25,43,0,51,Divorced,5,13.38,9906.80
864,864,Car,14276.11,19.68,23,0,49,Divorced,0,19.15,4412.94
865,865,Home,15086.15,11.12,19,1,24,Widowed,3,null,6232.53
866,866,Other,48846.07,8.21,48,0,65,Married,3,14.53,18069.05
867,867,Car,49067.06,6.46,43,0,31,Divorced,4,3.92,12897.99
868,868,Other,1996.37,16.13,15,0,54,Single,4,null,12374.92
869,869,Education,24535.77,12.08,41,0,63,Divorced,1,23.84,16935.91
870,870,Home,19717.99,6.19,37,0,49,Married,0,33.96,4454.32
871,871,Car,8094.29,16.89,39,0,25,Divorced,4,null,3986.18
872,872,Home,32152.58,8.87,53,0,47,Single,0,16.39,14634.73
873,873,Home,2250.49,14.67,55,0,36,Divorced,2,null,12484.46
874,874,Education,34341.71,7.7,9,0,26,Widowed,1,24.98,null
875,875,Home,7686.39,17.58,14,0,57,Widowed,5,null,18780.13
876,876,Other,3443.93,17.68,18,0,60,Widowed,4,35.34,7857.91
877,877,Education,25515.31,16.18,55,0,42,Single,5,16.66,6752.43
878,878,Business,21673.11,14.09,54,0,43,Married,5,5.49,null
879,879,Other,31437.41,17.54,41,0,54,Widowed,2,25.7,5832.57
880,880,Education,1203.80,10.86,16,0,30,Widowed,5,null,9455.20
881,881,Home,4578.25,12.44,57,0,44,Married,0,8.11,2755.76
882,882,Education,41689.57,19.68,48,0,49,Divorced,0,null,null
883,883,Education,29384.28,9.08,24,0,42,Single,4,35.57,null
884,884,Business,7096.32,11.62,25,1,63,Divorced,1,null,4525.84
885,885,Business,25709.94,14.73,26,0,68,Divorced,4,8.48,null
886,886,Car,13677.88,13.52,24,0,63,Widowed,3,9.12,14298.70
887,887,Home,8132.12,10.41,29,1,18,Widowed,4,38.96,null
888,888,Other,45255.12,18.38,48,0,29,Widowed,4,35.64,17478.66
889,889,Home,30676.20,10.04,16,0,23,Divorced,5,24.3,null
890,890,Education,35785.84,14.56,26,0,41,Widowed,1,13.76,18416.71
891,891,Other,30286.23,15.94,60,0,20,Divorced,4,15.21,11488.92
892,892,Car,45996.00,16.61,33,0,19,Widowed,3,20.94,9898.45
893,893,Business,22682.75,19.37,36,0,63,Widowed,1,28.03,16403.53
894,894,Business,28691.40,13.51,20,0,66,Married,5,null,null
895,895,Business,7024.06,8.81,17,1,62,Widowed,3,null,2577.66
896,896,Other,3303.83,19.69,9,0,67,Divorced,3,35.08,13796.97
897,897,Other,28874.49,17.36,58,1,38,Divorced,2,8.24,9579.23
898,898,Other,32519.78,9.21,23,0,52,Single,2,null,10642.02
899,899,Car,27618.12,11.5,57,1,53,Divorced,5,null,13212.82
900,900,Other,32194.39,16.61,16,0,30,Divorced,3,5.85,11971.81
901,901,Other,19188.46,13.13,6,0,19,Divorced,2,8.2,7935.63
902,902,Education,45156.73,13.07,39,1,23,Married,1,34.75,5324.53
903,903,Business,43170.79,5.23,16,1,24,Married,0,5.11,5634.56
904,904,Car,25246.99,10.07,36,0,36,Widowed,2,2.97,null
905,905,Home,12112.47,15.12,8,0,25,Single,2,9.53,11550.24
906,906,Car,29161.83,13.23,58,0,54,Divorced,1,null,null
907,907,Education,14365.44,16.82,42,0,67,Single,3,24.35,null
908,908,Other,25515.90,17.05,48,0,60,Single,5,null,18909.70
909,909,Business,40745.28,5.62,51,0,49,Widowed,0,14.45,10151.72
910,910,Car,18513.09,18.86,56,0,23,Divorced,0,17.42,9416.07
911,911,Home,48346.25,5.43,44,0,32,Single,0,3.72,9910.82
912,912,Car,42980.58,11.75,19,0,57,Divorced,3,18.78,null
913,913,Education,41693.47,5.33,26,0,29,Single,1,null,null
914,914,Business,12199.33,13.75,50,0,32,Divorced,3,0.31,3954.39
915,915,Other,19012.93,18.68,45,0,36,Married,4,4.13,5302.89
916,916,Car,46812.17,5.96,43,0,62,Divorced,5,27.56,null
917,917,Car,11028.77,18.42,42,0,36,Single,1,22.92,6332.23
918,918,Business,16145.27,10.3,31,1,24,Married,1,7.5,14286.91
919,919,Business,14907.55,10.37,55,0,50,Widowed,5,20.35,7172.60
920,920,Other,15772.24,18.34,23,0,65,Widowed,0,20.83,2543.44
921,921,Business,13765.01,13.89,41,0,33,Divorced,4,39.17,16892.69
922,922,Other,48084.64,18.28,20,0,55,Single,0,10.79,18163.77
923,923,Education,3848.64,5.19,60,0,33,Divorced,1,8.18,16573.89
924,924,Business,11262.44,18.37,54,0,18,Married,2,31.91,1556.06
925,925,Other,26840.76,16.13,48,0,59,Single,2,0.65,11991.51
926,926,Other,19368.49,19.23,7,0,30,Married,2,null,17734.03
927,927,Other,33331.52,18.76,22,0,33,Single,5,39.05,4761.30
928,928,Other,16022.01,16.86,48,0,60,Divorced,5,null,18544.68
929,929,Business,22710.34,16.27,35,1,52,Widowed,3,null,15575.50
930,930,Business,19600.03,9.26,46,1,58,Divorced,5,6.04,null
931,931,Education,46056.70,5.87,38,1,20,Single,4,19.17,null
932,932,Home,32447.35,13.39,17,0,19,Divorced,5,20.62,12135.25
933,933,Business,48274.71,6.4,58,1,69,Widowed,2,32.15,null
934,934,Other,41757.96,13.48,31,0,34,Single,5,null,11635.91
935,935,Home,46296.49,12.54,50,0,19,Married,4,null,4218.95
936,936,Business,16590.28,19.39,38,1,18,Widowed,1,18.68,13013.08
937,937,Home,33542.11,13.26,40,0,38,Widowed,1,30.89,11227.66
938,938,Education,10276.41,5.24,47,1,18,Divorced,5,16.53,null
939,939,Car,15808.12,19.31,21,0,57,Married,4,29.95,17494.81
940,940,Business,5978.73,16.71,25,0,19,Married,0,19.13,11084.82
941,941,Car,34245.17,12.88,40,0,58,Single,5,null,null
942,942,Education,41317.19,7.02,18,0,54,Widowed,0,33.25,13201.18
943,943,Education,41645.63,14.05,54,1,69,Widowed,3,null,3021.85
944,944,Business,20876.46,5.08,60,0,42,Married,5,37.77,7449.12
945,945,Education,25034.73,13.59,19,0,36,Single,4,18.56,null
946,946,Business,39741.18,13.08,37,0,62,Divorced,4,null,12880.21
947,947,Home,13197.27,13.97,9,0,45,Divorced,2,5.23,7856.69
948,948,Home,20336.25,6.32,33,0,21,Single,2,null,16701.76
949,949,Business,15869.96,5.59,6,0,27,Single,3,16.58,3763.75
950,950,Education,2007.91,7.25,24,0,20,Widowed,0,31.58,null
951,951,Home,41070.17,11.27,12,0,60,Married,3,27.87,17480.07
952,952,Home,28136.26,12.23,8,0,62,Single,4,31.25,3967.24
953,953,Education,44480.79,9.61,48,0,55,Single,3,3.52,19974.41
954,954,Home,47078.38,18.74,42,1,46,Single,3,19.79,14114.33
955,955,Education,33991.32,8.09,25,0,37,Widowed,4,11.45,null
956,956,Business,19818.27,16.56,23,0,21,Single,2,9.03,5667.93
957,957,Business,40676.50,8.88,41,0,35,Married,2,12.83,18204.40
958,958,Other,16635.92,19.41,34,0,42,Married,0,14.25,3967.09
959,959,Education,27221.87,7.38,33,0,61,Single,3,null,12923.86
960,960,Business,28549.26,6.75,7,0,33,Married,3,33.84,9936.44
961,961,Business,44849.05,8.38,23,1,36,Divorced,0,0.5,null
962,962,Education,46236.24,11.59,19,0,50,Married,3,5.71,2550.72
963,963,Other,32247.99,12.81,8,0,52,Widowed,4,null,1661.84
964,964,Other,32327.94,14.03,30,0,62,Widowed,0,26.47,1095.50
965,965,Education,7366.07,15.13,12,0,49,Married,4,14.33,16559.26
966,966,Business,11517.51,8.84,45,0,65,Married,5,null,19999.12
967,967,Home,13912.58,14.76,51,0,31,Widowed,5,3.31,11366.19
968,968,Business,2162.45,12.71,11,0,48,Married,4,null,null
969,969,Other,1859.02,8.67,49,1,23,Divorced,2,37.63,2345.96
970,970,Home,14238.53,18.61,56,1,66,Married,3,1.23,6626.26
971,971,Business,6627.02,13.65,19,0,33,Married,1,15.27,3494.30
972,972,Education,12538.74,9.59,13,0,64,Single,2,6.33,12143.66
973,973,Home,29426.71,18.9,41,0,29,Widowed,1,35.16,3020.40
974,974,Car,39579.33,16.79,47,0,21,Single,4,34.44,3057.52
975,975,Car,39103.35,17.36,43,0,49,Married,0,10.27,14804.89
976,976,Education,23303.56,6.68,54,0,54,Widowed,5,9.77,13865.45
977,977,Education,32447.01,9.78,42,0,35,Married,0,4.72,17366.78
978,978,Car,5662.15,13.78,8,0,44,Single,0,13.7,7726.74
979,979,Business,4197.03,14.4,7,0,66,Married,2,11.72,null
980,980,Education,11778.13,12.48,30,1,37,Widowed,3,14.95,13586.20
981,981,Car,48986.34,9.89,50,1,26,Divorced,5,26.31,null
982,982,Car,11802.96,11.96,25,1,33,Married,3,3.95,null
983,983,Car,9284.74,5.95,38,0,23,Single,0,37.44,7730.23
984,984,Business,1283.63,8.99,60,0,22,Widowed,4,2.12,null
985,985,Other,22957.99,13.53,8,0,58,Widowed,0,17.94,15812.16
986,986,Education,40701.21,14.82,25,1,52,Widowed,5,15.8,null
987,987,Education,45300.79,17.25,55,0,56,Divorced,2,null,2015.10
988,988,Car,3764.55,9.21,41,0,34,Single,3,null,9403.41
989,989,Other,47407.04,14.82,56,0,61,Single,4,32.87,6673.61
990,990,Other,34760.29,15.11,19,0,33,Married,0,37.49,16057.61
991,991,Other,34824.43,18.68,13,0,65,Widowed,2,null,6952.39
992,992,Business,37179.87,17.94,17,0,65,Widowed,3,18.71,14997.53
993,993,Business,15808.46,18.51,10,0,64,Married,2,37.61,1523.33
994,994,Home,37968.63,5.87,12,0,31,Divorced,3,null,4383.36
995,995,Car,28511.68,7.34,26,0,69,Married,3,38.05,19889.46
996,996,Car,40628.20,16.4,50,1,22,Widowed,3,37.58,18849.04
997,997,Other,16989.89,14.53,31,0,29,Single,1,null,null
998,998,Business,19247.87,18.23,37,0,52,Married,1,21.12,17276.41
999,999,Car,32481.46,16.83,33,1,61,Single,1,20.24,18119.22
1000,1000,Other,49416.08,8.05,14,0,64,Divorced,5,14.61,15579.84